{
  "images" : [
    {
      "idiom" : "universal",
      "scale" : "1x"
    },
    {
      "resizing" : {
        "mode" : "9-part",
        "center" : {
          "mode" : "tile",
          "width" : 15,
          "height" : 1
        },
        "cap-insets" : {
          "bottom" : 21,
          "top" : 20,
          "right" : 29,
          "left" : 29
        }
      },
      "idiom" : "universal",
      "filename" : "dbox_segmented_control_selected_button@2x.png",
      "scale" : "2x"
    },
    {
      "idiom" : "universal",
      "scale" : "3x"
    }
  ],
  "info" : {
    "version" : 1,
    "author" : "xcode"
  }
}